{
  "distance_km": 0.7407855789023357,
  "items_count": 0.11574650815036457,
  "is_peak_hour": 0.009570344009153763,
  "traffic_level": 0.13389756893814597
}