{
  "distance_km": 0.4905064856382305,
  "items_count": 0.17605616649010938,
  "is_peak_hour": 0.0023797275159577786,
  "traffic_level": 0.33105762035570235
}