{
    "model": "GradientBoosting",
    "params": {},
    "metrics": {
        "mae": 5.657431388040251,
        "mse": 47.33763702971353,
        "rmse": 6.880235245230611,
        "r2": 0.8981438686827036
    },
    "cv_mae": 5.629383934634911,
    "model_size_kb": 135.2578125,
    "latency_ms": 0.7167085000014595
}