{
    "model": "RandomForest",
    "params": {
        "n_estimators": 150
    },
    "metrics": {
        "mae": 8.635000000000002,
        "mse": 104.07670000000005,
        "rmse": 10.201798860985255,
        "r2": 0.7760587412587412
    },
    "cv_mae": 4.793444444444444,
    "model_size_kb": 253.8447265625,
    "latency_ms": 12.899640999999065
}